symbol,exchange
AAA,HOSE
ACB,HOSE
AGG,HOSE
AGR,HOSE
ANV,HOSE
ASM,HOSE
BAF,HOSE
BCM,HOSE
BFC,HOSE
BID,HOSE
BMI,HOSE
BMP,HOSE
BSI,HOSE
BSR,HOSE
BTP,HOSE
BVH,HOSE
BVS,HNX
BWE,HOSE
CEO,HNX
CHP,HOSE
CII,HOSE
CMG,HOSE
CNG,HOSE
CSM,HOSE
CSV,HOSE
CTD,HOSE
CTG,HOSE
CTI,HOSE
CTR,HOSE
CTS,HOSE
DBC,HOSE
DBD,HOSE
DC4,HOSE
DCM,HOSE
DGC,HOSE
DGW,HOSE
DHA,HOSE
DHC,HOSE
DHG,HOSE
DIG,HOSE
DPG,HOSE
DPM,HOSE
DPR,HOSE
DRC,HOSE
DSE,HOSE
DTD,HNX
DXG,HOSE
DXP,HNX
DXS,HOSE
EIB,HOSE
ELC,HOSE
EVF,HOSE
FCN,HOSE
FMC,HOSE
FPT,HOSE
FRT,HOSE
FTS,HOSE
GAS,HOSE
GEE,HOSE
GEG,HOSE
GEX,HOSE
GMD,HOSE
GVR,HOSE
HAG,HOSE
HAH,HOSE
HCM,HOSE
HDB,HOSE
HDC,HOSE
HDG,HOSE
HHS,HOSE
HHV,HOSE
HPG,HOSE
HQC,HOSE
HSG,HOSE
HT1,HOSE
HTI,HOSE
HTN,HOSE
IDC,HNX
IDI,HOSE
IJC,HOSE
IMP,HOSE
IPA,HNX
ITC,HOSE
KBC,HOSE
KDC,HOSE
KDH,HOSE
KHG,HOSE
KSB,HOSE
LAS,HNX
LCG,HOSE
LHG,HOSE
LIX,HOSE
LPB,HOSE
LSS,HOSE
MBB,HOSE
MBS,HNX
MIG,HOSE
MSB,HOSE
MSH,HOSE
MSN,HOSE
MWG,HOSE
NAB,HOSE
NAF,HOSE
NHH,HOSE
NKG,HOSE
NLG,HOSE
NT2,HOSE
NTL,HOSE
NTP,HNX
OCB,HOSE
PAC,HOSE
PAN,HOSE
PC1,HOSE
PET,HOSE
PGC,HOSE
PGI,HOSE
PHR,HOSE
PLC,HNX
PLX,HOSE
PNJ,HOSE
POW,HOSE
PVB,HNX
PVC,HNX
PVD,HOSE
PVI,HNX
PVP,HOSE
PVS,HNX
PVT,HOSE
REE,HOSE
SAB,HOSE
SAM,HOSE
SBA,HOSE
SBT,HOSE
SCR,HOSE
SCS,HOSE
SGT,HOSE
SHB,HOSE
SHS,HNX
SJS,HOSE
SKG,HOSE
SSB,HOSE
SSI,HOSE
STB,HOSE
SZC,HOSE
TCB,HOSE
TCH,HOSE
TCL,HOSE
TCM,HOSE
TDC,HOSE
TDM,HOSE
TIP,HOSE
TLG,HOSE
TNG,HNX
TPB,HOSE
TRC,HOSE
TV2,HOSE
TVS,HOSE
VCB,HOSE
VCG,HOSE
VCI,HOSE
VCS,HNX
VGC,HOSE
VGS,HNX
VHC,HOSE
VHM,HOSE
VIB,HOSE
VIC,HOSE
VIP,HOSE
VIX,HOSE
VJC,HOSE
VND,HOSE
VNM,HOSE
VPB,HOSE
VPD,HOSE
VPI,HOSE
VPL,HOSE
VRE,HOSE
VSC,HOSE
VTP,HOSE
YEG,HOSE
